skill,mechanism,n_runs,final_success_mean,final_success_ci_low,final_success_ci_high,gain_mean,gain_ci_low,gain_ci_high,control_steps_mean,control_steps_ci_low,control_steps_ci_high,attend_steps_mean,attend_steps_ci_low,attend_steps_ci_high,takeovers_mean,takeovers_ci_low,takeovers_ci_high,unnecessary_takeovers_mean,unnecessary_takeovers_ci_low,unnecessary_takeovers_ci_high,precision_mean,precision_ci_low,precision_ci_high,recall_mean,recall_ci_low,recall_ci_high,missed_failures_mean,missed_failures_ci_low,missed_failures_ci_high,trust_sq_error_mean,trust_sq_error_ci_low,trust_sq_error_ci_high,overtrust_fraction_mean,overtrust_fraction_ci_low,overtrust_fraction_ci_high,gain_per_100_control_mean,gain_per_100_control_ci_low,gain_per_100_control_ci_high,auc_success_mean,auc_success_ci_low,auc_success_ci_high,steps_to_60_mean,steps_to_60_ci_low,steps_to_60_ci_high,steps_to_80_mean,steps_to_80_ci_low,steps_to_80_ci_high,requests_mean,requests_ci_low,requests_ci_high,request_precision_mean,request_precision_ci_low,request_precision_ci_high
better,C1_none,55,0.8465454545454547,0.8149090909090908,0.8759999999999999,0.47654545454545455,0.44490909090909087,0.5059999999999999,345.96363636363634,323.36318181818183,369.98409090909087,197.5090909090909,182.98090909090908,212.72772727272726,26.545454545454547,24.63590909090909,28.490909090909092,4.090909090909091,3.290909090909091,4.909090909090909,0.8579071036538718,0.835748816820861,0.8802755218576502,0.9890400042656649,0.9829985713043689,0.994727345826688,0.23636363636363636,0.10909090909090909,0.36363636363636365,0.18779480394011078,0.16734212964343084,0.20832107808066241,0.14247141063249585,0.1124058572236562,0.1753181469065254,0.14542112444842892,0.13259727336964128,0.1581720324223118,0.6281818181818183,0.6021212121212122,0.6533333333333333,570.9090909090909,498.1818181818182,650.9090909090909,800.0,724.5283018867924,871.6981132075472,0.0,0.0,0.0,,,
better,C2_uncertainty,55,0.8320000000000002,0.7956363636363638,0.865090909090909,0.462,0.4256363636363637,0.495090909090909,339.1272727272727,316.23545454545456,362.69136363636363,220.0909090909091,202.34318181818182,238.71045454545452,25.69090909090909,23.90909090909091,27.527272727272727,3.8363636363636364,3.109090909090909,4.618181818181818,0.8623306396127447,0.8382125559837035,0.8851930067883828,0.990009974360015,0.9842509518994904,0.9953088634502231,0.21818181818181817,0.10909090909090909,0.34545454545454546,0.17600325779822468,0.1579264934428853,0.19382373075646223,0.16915380262426738,0.1366783978622246,0.20211401820261118,0.1447433914393294,0.13106241696216225,0.15845015410648952,0.6218181818181818,0.5954545454545455,0.6472727272727272,538.1818181818181,472.6363636363637,607.2727272727273,730.7692307692307,657.6923076923077,800.0,0.0,0.0,0.0,,,
better,C3_intent,55,0.8425454545454546,0.8021818181818182,0.8789181818181817,0.47254545454545444,0.4321818181818183,0.5089181818181817,354.54545454545456,331.67227272727274,379.655,173.6909090909091,159.8909090909091,188.10999999999999,27.327272727272728,25.418181818181818,29.381818181818183,4.545454545454546,3.6363636363636362,5.509090909090909,0.8462571622013833,0.8194450381615762,0.8725430062462634,0.9904393745772984,0.985603535270984,0.9950884327689506,0.21818181818181817,0.10909090909090909,0.32727272727272727,0.18386563287503682,0.16524391947700215,0.20298445168015933,0.14357184775138981,0.11103456465457591,0.17902115019473816,0.14110531416532404,0.12698667558575155,0.15457051674030192,0.6248484848484849,0.6009090909090908,0.6484924242424241,530.9090909090909,465.45454545454544,596.3636363636364,723.0769230769231,634.6153846153846,807.6923076923077,0.0,0.0,0.0,,,
better,C4_request,55,0.8767272727272727,0.8454545454545457,0.9050999999999998,0.5067272727272727,0.4754545454545455,0.5350999999999998,345.3454545454546,324.0536363636364,367.0190909090909,155.4909090909091,143.39954545454546,167.63681818181817,27.0,25.145,28.89090909090909,5.290909090909091,4.509090909090909,6.072727272727272,0.812280243594304,0.7913205222879122,0.8330800741024114,0.9910314608535953,0.9861469836706992,0.9956376512157145,0.2,0.09090909090909091,0.3090909090909091,0.20192625639393158,0.1772986984422757,0.2260484303516202,0.150396041021037,0.12105324878458237,0.18089378379207646,0.15503081099020102,0.14220122439778582,0.1685082342558075,0.6312121212121211,0.6075757575757575,0.6539393939393939,560.0,498.1818181818182,621.8181818181819,800.0,735.8490566037735,864.1509433962265,22.30909090909091,21.272727272727273,23.418181818181818,0.7330964670250385,0.642943876559948,0.8120138096030951
better,C5_thrifty,55,0.8312727272727273,0.7996363636363636,0.86,0.46127272727272733,0.4296363636363637,0.49000000000000005,388.8,364.81545454545454,413.8572727272727,118.72727272727273,107.94500000000001,130.23636363636365,30.581818181818182,28.672727272727272,32.60045454545454,6.109090909090909,5.254545454545455,7.054545454545455,0.8083203951378162,0.7879746801722672,0.8282702594710385,0.9976613965744401,0.9945981554677207,1.0,0.05454545454545454,0.0,0.12727272727272726,0.21724876080689534,0.1932546598236437,0.2402069475863481,0.12479509090742572,0.09670939812623736,0.15447294407813036,0.12574913685279868,0.11509767661240188,0.13606455026456024,0.6487878787878786,0.6224242424242424,0.6745454545454543,578.1818181818181,512.7272727272727,643.6363636363636,716.9811320754717,637.7358490566038,792.4528301886793,36.72727272727273,33.8,39.67272727272727,0.7853588548797273,0.759445581959991,0.8119956047293452
better,C6_full,55,0.8527272727272728,0.8127272727272727,0.8894545454545455,0.48272727272727267,0.44272727272727275,0.5194545454545455,332.2,310.76363636363635,353.6909090909091,180.8909090909091,167.87,194.94590909090908,25.10909090909091,23.418181818181818,26.818181818181817,4.0,3.272727272727273,4.781818181818182,0.8520864429851532,0.829771348682675,0.8735213387702538,0.9897838618284843,0.9838422708203316,0.9952153110047847,0.21818181818181817,0.10909090909090909,0.34545454545454546,0.17565095124212027,0.1593152344345542,0.19219701481521453,0.13466766235323083,0.11105190196069538,0.159204891146455,0.15343679624477255,0.13766006481442633,0.16895878472077847,0.6372727272727273,0.6109015151515151,0.663939393939394,545.4545454545455,487.27272727272725,603.6363636363636,760.0,688.0,828.0,22.072727272727274,21.490909090909092,22.654545454545456,0.8291434755720469,0.7506222943722944,0.8983384224902082
better,HG_DAgger,55,0.7185454545454545,0.6614454545454544,0.7752727272727271,0.3485454545454545,0.29144545454545456,0.4052727272727273,226.72727272727272,205.63181818181818,249.4,352.1636363636364,326.16318181818184,378.80409090909086,20.145454545454545,17.81772727272727,22.654999999999994,5.654545454545454,3.8181818181818183,7.654999999999993,0.7951585048403381,0.7439826444142923,0.8442639383511095,0.88310642989796,0.8367072786856383,0.924868140041154,2.8,1.7636363636363637,3.981818181818182,0.10156130872086183,0.08383663055999059,0.1211073521688916,0.13982562558073788,0.10737038730805516,0.17506621749871926,0.1759118909840192,0.14165813292167842,0.21062540185003792,0.5872727272727274,0.5427272727272727,0.6296969696969696,464.1509433962264,392.45283018867923,543.3962264150944,661.9047619047619,561.9047619047619,766.6666666666666,0.0,0.0,0.0,,,
okay,C1_none,55,0.7549090909090911,0.7149090909090908,0.7945454545454543,0.3849090909090909,0.3449090909090909,0.42454545454545456,367.6909090909091,351.2359090909091,385.9095454545455,156.1090909090909,149.05454545454546,163.1090909090909,28.763636363636362,27.4,30.218636363636357,4.109090909090909,3.4363636363636365,4.818181818181818,0.8629683958214606,0.8449802143766791,0.8809948772983847,0.9914548423228776,0.987129486740044,0.9955437994312627,0.21818181818181817,0.10909090909090909,0.32727272727272727,0.15123267289368494,0.13329310771726688,0.16896356020797884,0.1440219314829503,0.11670415630004358,0.17284759210895223,0.10963500781075354,0.09694755956108315,0.122457102564404,0.6133333333333334,0.5890909090909092,0.6366666666666666,501.8181818181818,440.0,563.6363636363636,656.0,576.0,736.0,0.0,0.0,0.0,,,
okay,C2_uncertainty,55,0.7458181818181816,0.6916363636363637,0.7952727272727271,0.3758181818181818,0.32163636363636366,0.4252727272727272,357.7090909090909,344.03636363636366,372.3090909090909,175.76363636363635,166.6909090909091,185.27318181818183,27.2,26.036363636363635,28.400454545454537,4.1454545454545455,3.5454545454545454,4.781818181818182,0.8496979714628603,0.827862067150349,0.8700169005436962,0.9912173011695259,0.9867826935886053,0.9955177770087456,0.21818181818181817,0.10909090909090909,0.32727272727272727,0.15980484371942189,0.14082718814266462,0.1804773246916532,0.14726418491029533,0.11793791675749206,0.17781164423055917,0.10844510280221505,0.09246841930427643,0.1233592844989687,0.6257575757575758,0.6012045454545455,0.6506060606060605,418.1818181818182,367.27272727272725,472.72727272727275,634.7826086956521,547.8260869565217,721.7391304347826,0.0,0.0,0.0,,,
okay,C3_intent,55,0.7487272727272728,0.6989,0.7938181818181819,0.37872727272727275,0.3289,0.4238181818181819,384.92727272727274,365.7809090909091,405.29499999999996,137.9090909090909,131.61772727272728,144.21818181818182,29.87272727272727,28.381818181818183,31.47318181818181,4.3090909090909095,3.690909090909091,4.927272727272728,0.858315696066905,0.8402451462956637,0.8762444433809571,0.9902984680573593,0.9858820155068765,0.994561343165236,0.2545454545454545,0.14545454545454545,0.36363636363636365,0.16103022024808236,0.14132689798113734,0.18221833016746822,0.16533225478014937,0.13357253311658496,0.200816464113514,0.10368139651645589,0.08892186056969408,0.11735294256276971,0.6090909090909092,0.5805984848484849,0.639090909090909,487.27272727272725,425.45454545454544,552.7272727272727,674.5098039215686,592.156862745098,760.7843137254902,0.0,0.0,0.0,,,
okay,C4_request,55,0.7418181818181819,0.6967272727272728,0.7821909090909089,0.3718181818181819,0.3267272727272727,0.41219090909090905,364.8909090909091,349.52681818181816,380.7818181818182,116.52727272727273,108.58181818181818,124.65454545454546,28.01818181818182,26.8,29.291363636363627,3.963636363636364,3.4363636363636365,4.49136363636363,0.8603105063299785,0.842857496902944,0.8777465927288884,0.9917407626220494,0.987245507239115,0.9960022033302666,0.2,0.09090909090909091,0.3090909090909091,0.1552758714462368,0.13702226425883873,0.17376544468280963,0.14895385346049203,0.11874449615086308,0.18147907378886644,0.1057646973590985,0.09144168972887735,0.11916904369616117,0.6109090909090908,0.5827272727272726,0.6393939393939394,480.0,414.54545454545456,549.0909090909091,708.3333333333334,629.1666666666666,787.5,23.181818181818183,22.436363636363637,23.90909090909091,0.8574751244562565,0.804288977531902,0.9027066644047776
okay,C5_thrifty,55,0.7138181818181819,0.6723545454545455,0.754181818181818,0.3438181818181818,0.3023545454545455,0.3841818181818181,417.8,399.6359090909091,436.45727272727265,84.49090909090908,78.14454545454545,91.0909090909091,32.61818181818182,31.272727272727273,34.00045454545454,5.127272727272727,4.4,5.890909090909091,0.8444184214753646,0.8231453037083721,0.8649875640604817,0.9991341991341991,0.9974025974025974,1.0,0.01818181818181818,0.0,0.05454545454545454,0.19182486657988385,0.1656938062013776,0.21893066438432043,0.1236195925677021,0.09688875666564076,0.1517525358854968,0.08594195464324263,0.07415407306853124,0.0975985907883706,0.6106060606060605,0.5796969696969697,0.640310606060606,474.0740740740741,414.81481481481484,537.0370370370371,665.3061224489796,583.6734693877551,747.0408163265291,27.6,25.527272727272727,29.8,0.7973927221145003,0.766344553337385,0.8258021246242551
okay,C6_full,55,0.7607272727272728,0.7167272727272728,0.8025454545454543,0.39072727272727276,0.3467272727272727,0.43254545454545446,349.94545454545454,334.94545454545454,365.23727272727274,122.52727272727273,113.12681818181818,132.1818181818182,26.763636363636362,25.672727272727272,27.87272727272727,3.327272727272727,2.7636363636363637,3.9454545454545453,0.8792697967343129,0.8594127167276202,0.8975954273049859,0.9915034514599733,0.9869276938842158,0.9958376022126022,0.2,0.09090909090909091,0.3090909090909091,0.14414505382381654,0.12647514105105614,0.16274174643741396,0.1606700331285189,0.13214718602026865,0.1905876427923641,0.11565632681604954,0.10108935281155168,0.1302107816000826,0.6048484848484847,0.5815151515151515,0.629090909090909,474.0740740740741,425.9259259259259,522.2222222222222,685.7142857142857,612.2448979591836,759.1836734693877,22.963636363636365,22.472727272727273,23.436363636363637,0.8971374779067086,0.8597397594392786,0.9317986353923855
okay,HG_DAgger,55,0.6807272727272727,0.6192636363636365,0.7374545454545454,0.3107272727272728,0.2492636363636364,0.36745454545454553,244.6727272727273,225.98181818181817,265.8363636363636,273.74545454545455,257.4540909090909,290.52772727272725,20.545454545454547,18.92681818181818,22.381818181818183,4.218181818181818,3.0545454545454547,5.6,0.8203909844410218,0.7792727770754055,0.8588381427817029,0.909900561589824,0.8700683347801336,0.9446797769780979,2.381818181818182,1.4,3.5090909090909093,0.08753299289652923,0.0743865636444422,0.10128212957439879,0.1823405565238482,0.14466883804955913,0.22189455362033003,0.14926821693674053,0.12040143629837065,0.17758695514451214,0.5542424242424243,0.5027272727272729,0.6015151515151514,469.2307692307692,392.3076923076923,553.8461538461538,645.0,545.0,750.0,0.0,0.0,0.0,,,
worse,C1_none,55,0.474909090909091,0.414909090909091,0.5356363636363637,0.1049090909090909,0.04490909090909092,0.16563636363636364,360.8363636363636,337.0359090909091,384.820909090909,169.0,156.38,181.41863636363635,28.30909090909091,26.418181818181818,30.21818181818182,2.6545454545454548,2.0727272727272728,3.309090909090909,0.9132503518802999,0.8951839726639754,0.9297432669629777,0.9915281299889533,0.9870322072590617,0.9956841105579339,0.21818181818181817,0.10909090909090909,0.32727272727272727,0.08364913568498017,0.07199099554894225,0.09594181250342633,0.15309985765868114,0.11777808833323537,0.19129982599100234,0.04085356345288992,0.021644018619711308,0.06101203053258818,0.46909090909090906,0.4354545454545454,0.500909090909091,416.6666666666667,354.1666666666667,483.3333333333333,668.9655172413793,551.7241379310345,793.1034482758621,0.0,0.0,0.0,,,
worse,C2_uncertainty,55,0.5083636363636362,0.4534545454545454,0.561090909090909,0.13836363636363638,0.08345454545454545,0.1910909090909091,360.4727272727273,338.05454545454546,383.56363636363636,184.85454545454544,170.52727272727273,200.09136363636364,27.745454545454546,26.036363636363635,29.509545454545446,2.581818181818182,2.018181818181818,3.2181818181818183,0.9137316498355251,0.8971950777265706,0.9292760936227842,0.99114039223628,0.9863894887786829,0.9955640193477923,0.21818181818181817,0.10909090909090909,0.32727272727272727,0.09814085338031533,0.08650589981125088,0.10961149840946689,0.17711855138325722,0.14394586373378943,0.21395143644195502,0.04692958038816564,0.02968922594402445,0.06477431949241332,0.49393939393939396,0.46939393939393936,0.5187954545454544,479.24528301886795,407.54716981132077,558.4905660377359,607.4074074074074,496.2962962962963,718.5185185185185,0.0,0.0,0.0,,,
worse,C3_intent,55,0.5174545454545455,0.46908181818181816,0.5658181818181818,0.14745454545454545,0.09908181818181817,0.1958181818181818,373.25454545454545,349.45045454545453,397.2181818181818,145.3090909090909,135.92727272727274,155.01909090909092,29.163636363636364,27.30909090909091,31.01818181818182,2.7636363636363637,2.2,3.381818181818182,0.9136930340975538,0.8981935100305312,0.9281791100797198,0.9910047590332222,0.9849831295505393,0.9960587393789007,0.21818181818181817,0.10909090909090909,0.34545454545454546,0.09136574593162317,0.07664106898075279,0.10740435702566731,0.17869248351798306,0.14373660880547662,0.21962942711157243,0.04975686423123462,0.033752997936189605,0.06640222658971265,0.466969696969697,0.42696969696969694,0.5084848484848484,490.90909090909093,413.6363636363636,572.7272727272727,638.0952380952381,495.23809523809524,780.952380952381,0.0,0.0,0.0,,,
worse,C4_request,55,0.5687272727272729,0.513090909090909,0.622190909090909,0.19872727272727272,0.14309090909090907,0.252190909090909,350.8545454545455,329.9086363636364,372.00045454545455,136.61818181818182,125.94454545454546,147.38272727272727,27.236363636363638,25.672727272727272,28.78181818181818,2.6,2.1454545454545455,3.0545454545454547,0.9074863318492976,0.8925937706602785,0.9221310488338467,0.9912700239825035,0.9867511040047385,0.9954887095928979,0.21818181818181817,0.10909090909090909,0.32727272727272727,0.07665880274597824,0.06662617280150623,0.08704755729763897,0.16158226620300925,0.13152561175065045,0.19342089749345934,0.06644975772380154,0.047513266311322334,0.08540004035002936,0.48787878787878786,0.46029545454545456,0.5148560606060605,456.0,392.0,524.0,780.0,680.0,880.0,20.78181818181818,20.072727272727274,21.490909090909092,0.9407051282051282,0.8974358974358974,0.9759615384615384
worse,C5_thrifty,55,0.45745454545454545,0.4058090909090909,0.5090999999999999,0.08745454545454547,0.035809090909090915,0.1390999999999999,383.2181818181818,359.79954545454547,406.67499999999995,108.63636363636364,100.1809090909091,117.38181818181818,30.29090909090909,28.527272727272727,32.07272727272727,3.709090909090909,3.090909090909091,4.363636363636363,0.8831844655413701,0.8664081707620799,0.8993579714003241,0.9982525483669649,0.9955481589348867,1.0,0.03636363636363636,0.0,0.09090909090909091,0.10382009471297997,0.08972470362459757,0.11759663765405082,0.13396366619276834,0.11000397892870802,0.15938499379017956,0.027728966952463695,0.012517116132257597,0.043323870323916575,0.48242424242424237,0.454840909090909,0.509090909090909,424.48979591836735,363.265306122449,493.8775510204082,629.4117647058823,523.5294117647059,735.2941176470588,21.70909090909091,20.236363636363638,23.272727272727273,0.8283501764989241,0.7985102064980865,0.8559410700043614
worse,C6_full,55,0.5967272727272728,0.5505454545454546,0.6414636363636361,0.2267272727272727,0.18054545454545456,0.2714636363636363,345.7090909090909,327.12545454545455,365.1454545454545,147.07272727272726,136.4909090909091,158.03818181818178,26.21818181818182,24.727272727272727,27.70909090909091,2.418181818181818,1.9090909090909092,2.963636363636364,0.9124365850359758,0.8936472089990386,0.9296211565783739,0.9919498064517827,0.9874727600133727,0.9960580308031889,0.2,0.09090909090909091,0.3090909090909091,0.09722737925237356,0.08408176211147962,0.10953504210835563,0.1765369082242147,0.14328315365834715,0.21229793628284327,0.0702975591775982,0.05536018259233883,0.08495731609765281,0.5084848484848484,0.47818181818181826,0.5390909090909091,550.0,470.8333333333333,629.1666666666666,656.25,556.25,756.25,21.78181818181818,21.09090909090909,22.527272727272727,0.916641865079365,0.8703118799603174,0.95828373015873
worse,HG_DAgger,55,0.4458181818181819,0.37599999999999995,0.5130909090909092,0.07581818181818181,0.006000000000000008,0.1430909090909091,291.3090909090909,267.09090909090907,316.4368181818182,277.3636363636364,256.5081818181818,298.76454545454544,23.072727272727274,21.07227272727273,25.12727272727273,2.9454545454545453,2.126818181818182,3.909090909090909,0.893237686482815,0.8667504054923376,0.9175464772935796,0.9353356840674947,0.9021171015679891,0.9622922387028967,1.709090909090909,0.9272727272727272,2.7454545454545456,0.0778752578439643,0.06709291116921298,0.08888071639805464,0.26202820024051665,0.20322720225273488,0.3240379941953922,0.04193930615337193,0.011674045032279591,0.07225896779489394,0.43090909090909096,0.3766666666666667,0.4848484848484848,395.1219512195122,317.0731707317073,482.9268292682927,571.4285714285714,428.57142857142856,721.4285714285714,0.0,0.0,0.0,,,
