mechanism,metric,n_pairs,mean_diff,ci_low,ci_high,p_perm,p_holm
C2_uncertainty,gain,165,0.0032727272727272687,-0.030790909090909088,0.037454545454545456,0.854,0.9956
C3_intent,gain,165,0.010787878787878786,-0.019881818181818178,0.04024242424242424,0.4978,0.9956
C4_request,gain,165,0.036969696969696965,0.004481818181818186,0.06872727272727272,0.0275,0.11
C5_thrifty,gain,165,-0.02460606060606061,-0.05745757575757576,0.009093939393939349,0.1484,0.44520000000000004
C6_full,gain,165,0.0446060606060606,0.009209090909090908,0.07830606060606057,0.0116,0.057999999999999996
HG_DAgger,gain,165,-0.07709090909090908,-0.12206363636363636,-0.03309090909090909,0.0004,0.0024000000000000002
C2_uncertainty,final_success,165,0.0032727272727272687,-0.030790909090909088,0.037454545454545456,0.854,0.9956
C3_intent,final_success,165,0.010787878787878786,-0.019881818181818178,0.04024242424242424,0.4978,0.9956
C4_request,final_success,165,0.036969696969696965,0.004481818181818186,0.06872727272727272,0.0275,0.11
C5_thrifty,final_success,165,-0.02460606060606061,-0.05745757575757576,0.00909393939393935,0.1487,0.4461
C6_full,final_success,165,0.0446060606060606,0.009209090909090908,0.07830606060606057,0.0116,0.057999999999999996
HG_DAgger,final_success,165,-0.07709090909090908,-0.12206363636363636,-0.03309090909090909,0.0004,0.0024000000000000002
C2_uncertainty,auc_success,165,0.010303030303030293,-0.010303030303030317,0.030303030303030293,0.3307,1.0
C3_intent,auc_success,165,-0.003232323232323231,-0.024949494949494957,0.017679292929292895,0.7785,1.0
C4_request,auc_success,165,0.006464646464646455,-0.012525252525252535,0.025959595959595936,0.5175,1.0
C5_thrifty,auc_success,165,0.010404040404040391,-0.009494949494949506,0.030909090909090896,0.3389,1.0
C6_full,auc_success,165,0.01333333333333332,-0.006262626262626277,0.034747474747474735,0.2071,1.0
HG_DAgger,auc_success,165,-0.04606060606060607,-0.07787878787878788,-0.016363636363636382,0.0026,0.0156
C2_uncertainty,control_steps,165,-5.7272727272727275,-11.012272727272727,-0.587727272727275,0.0363,0.0726
C3_intent,control_steps,165,12.745454545454546,7.278484848484848,18.242575757575754,0.0,0.0
C4_request,control_steps,165,-4.466666666666667,-10.436363636363636,1.418636363636357,0.1408,0.1408
C5_thrifty,control_steps,165,38.442424242424245,32.76969696969697,44.04242424242424,0.0,0.0
C6_full,control_steps,165,-15.545454545454545,-21.916363636363634,-9.429393939393952,0.0,0.0
HG_DAgger,control_steps,165,-103.92727272727272,-112.07287878787879,-95.86060606060606,0.0,0.0
C2_uncertainty,attend_steps,165,19.363636363636363,14.048181818181819,24.636515151515148,0.0,0.0
C3_intent,attend_steps,165,-21.903030303030302,-25.612121212121213,-18.102727272727275,0.0,0.0
C4_request,attend_steps,165,-37.99393939393939,-43.194242424242425,-32.95151515151515,0.0,0.0
C5_thrifty,attend_steps,165,-70.25454545454545,-75.83075757575757,-64.94530303030304,0.0,0.0
C6_full,attend_steps,165,-24.042424242424243,-29.872878787878786,-18.272727272727273,0.0,0.0
HG_DAgger,attend_steps,165,126.88484848484849,118.02909090909091,136.20075757575756,0.0,0.0
C2_uncertainty,unnecessary_takeovers,165,-0.09696969696969697,-0.5333333333333333,0.3333333333333333,0.6791,0.6791
C3_intent,unnecessary_takeovers,165,0.2545454545454545,-0.15757575757575756,0.6606060606060606,0.2415,0.483
C4_request,unnecessary_takeovers,165,0.3333333333333333,-0.07878787878787878,0.7274242424242402,0.117,0.35100000000000003
C5_thrifty,unnecessary_takeovers,165,1.3636363636363635,0.9151515151515152,1.8181818181818181,0.0,0.0
C6_full,unnecessary_takeovers,165,-0.3696969696969697,-0.7818181818181819,0.03636363636363636,0.087,0.348
HG_DAgger,unnecessary_takeovers,165,0.6545454545454545,0.006060606060606061,1.3818181818181818,0.0621,0.3105
C2_uncertainty,precision,165,-0.002788530148167398,-0.01744853179418521,0.01197235875288254,0.7103,1.0
C3_intent,precision,165,-0.005286652996596911,-0.018781348329658845,0.008449937954301406,0.4462,1.0
C4_request,precision,165,-0.01801625652735096,-0.031386491730932435,-0.004210684986484377,0.0109,0.0436
C5_thrifty,precision,165,-0.032734189733693804,-0.04605131083424325,-0.019336645698061407,0.0,0.0
C6_full,precision,165,0.003222324466603047,-0.010673002173290863,0.01785178433828979,0.6591,1.0
HG_DAgger,precision,165,-0.04177955853048596,-0.06424013992130496,-0.020279791982998657,0.0001,0.0005
C2_uncertainty,recall,165,0.00011489706277513055,-0.001108314049404851,0.0014300023483233342,0.8795,1.0
C3_intent,recall,165,-9.345830320532664e-05,-0.0016947105709842225,0.0015176796242651301,0.9195,1.0
C4_request,recall,165,0.0006730902935507559,-0.0006038617128003876,0.0021156549934467973,0.366,1.0
C5_thrifty,recall,165,0.007675055832702777,0.005008694745059493,0.010518659936997011,0.0,0.0
C6_full,recall,165,0.0004047143875814938,-0.0005349689458518848,0.0015931558363968265,0.4816,1.0
HG_DAgger,recall,165,-0.08122676700740569,-0.1046350443267362,-0.057819176545140204,0.0,0.0
C2_uncertainty,trust_sq_error,165,0.003757447459728651,-0.007935785529926524,0.015660183423633265,0.5368,1.0
C3_intent,trust_sq_error,165,0.004528328845322155,-0.008790504555291408,0.017368373570541155,0.4987,1.0
C4_request,trust_sq_error,165,0.0037281060224568833,-0.007401386453016039,0.015552492789889787,0.529,1.0
C5_thrifty,trust_sq_error,165,0.03007236986032773,0.015953579298158035,0.04400169839580193,0.0,0.0
C6_full,trust_sq_error,165,-0.0018844094001551864,-0.013831957188256212,0.01017677049144571,0.7546,1.0
HG_DAgger,trust_sq_error,165,-0.051902351019140175,-0.0640173944297808,-0.03987814273203824,0.0,0.0
C2_uncertainty,gain_per_100_control,165,0.0014027929725459118,-0.009341144758286478,0.012243451410108134,0.7975,1.0
C3_intent,gain_per_100_control,165,-0.00045537359968593943,-0.009707052299605544,0.008698228787491925,0.9271,1.0
C4_request,gain_per_100_control,165,0.010445190120342906,0.0001699188784160174,0.02051189941714426,0.0451,0.1353
C5_thrifty,gain_per_100_control,165,-0.018829879087855786,-0.028468090023169777,-0.008634762500864295,0.0002,0.0012000000000000001
C6_full,gain_per_100_control,165,0.014493662175449309,0.003322800591679793,0.025429595707205738,0.0098,0.049
HG_DAgger,gain_per_100_control,165,0.0237365727873531,0.003876559086474297,0.042835260344020326,0.0166,0.0664
